Crop,Question,Answer
general,Why is agricultural extension important?,"Extension is essentially the means by which new knowledge and ideas are introduced into rural areas to improve the lives of farmers and their families. Without agricultural extension, farmers would lack access to the support and services required to improve their agriculture and other productive activities. Its three main elements are: Knowledge, Communication, and Farm Family."
general,What is the meaning of agricultural extension?,"Extension is an informal educational process directed toward the rural population. It offers advice and information to help farmers solve their problems, increase the efficiency of the family farm, increase production, and generally improve the standard of living of the farm family."
general,What is the objective of agricultural extension?,"The objective of extension is to change farmers' outlook toward their difficulties. It is concerned not just with physical and economic achievements but also with the development of rural people themselves. Extension agents discuss matters with rural people, help them gain a clearer insight into their problems, and assist them in deciding how to overcome these problems."
general,What are the key principles of agricultural extension?,"Key principles of agricultural extension include: extension works with people, not for them; it is accountable to its clients; it is a two-way link; it works with different target groups; it cooperates with other rural development organizations; it delivers equitable and efficient services; it supports decentralization and local decision-making; it is demand-led; and it emphasizes integrated and coordinated services."
general,Who is an agricultural extension agent?,"An extension agent is the critical element in all extension activities. The agent works with people in a variety of ways, often in an intimate relationship that demands tact and resourcefulness. The effectiveness of the extension agent can determine the success or failure of an extension program."
general,What are the functions of an agricultural extension agent?,The functions of an extension agent include: assisting farmers to identify and overcome problems; helping farmers make better use of resources and technology; introducing new technologies such as new varieties and crops; providing information on new research results; creating opportunities for farmers in processing and marketing; helping farmers apply new information; and assisting farmers to develop a clear vision of their development.
general,What knowledge must agricultural extension workers have?,"Extension workers need knowledge in four main areas: technical knowledge, rural life, policy, and adult education. They should also have cultural knowledge, understanding of local etiquette and language, and awareness of religious protocols."
general,What personal skills are necessary for agricultural extension workers?,"Necessary personal skills for extension workers include: organization and planning, communication, analysis and diagnosis, leadership, initiative, public speaking, and report writing."
general,What personal qualities are important for extension workers?,"Key personal qualities for extension workers include: commitment to extension work, reliability, humility in working with farmers, and confidence in their own abilities with determination to achieve results."
general,Who are the target groups of agricultural extension workers?,"The primary target groups are adult farmers, both men and women. However, community members including children can also be included in trainings to increase their interest in agriculture. The main age range for adult farmer targets is 15 to 65 years."
general,What are the basics of adult learning relevant to agricultural extension?,"Adults are autonomous and self-directed, have accumulated life experiences and knowledge, are goal-oriented, are relevancy-oriented, and are practical. Like all learners, adults need to be shown respect. These characteristics should guide how agricultural extension programs are designed and delivered."
general,What is the importance of planning and M&E in agricultural extension?,"Proper Planning and Monitoring & Evaluation of extension activities, outputs and impacts are key for the success of extension programs. The extension department is responsible for providing high quality agricultural services to farmers in response to local needs."
general,What are the two types of extension events in annual planning?,"There are two types of extension events: (1) Extension events planned in advance, which form the Annual Extension Plan, and (2) Extension events planned in response to day-to-day interaction with farmers, known as follow-up activities."
general,What are follow-up events in agricultural extension?,"Follow-up events are extension activities planned in response to day-to-day interaction with farmers that were not included in the original annual extension plan. They maintain flexibility and are undertaken when they involve no significant additional expenditure. For example, a motivational tour to a research site may lead to a follow-up method demonstration of a technology seen on the tour."
general,What steps are needed to prepare an annual agricultural extension plan?,"The Annual Extension Plan follows 15 steps: (1) Farmer Information Needs Assessment, (2) District coordination committee meetings, (3) Collating planning information, (4) Island Planning Workshops, (5) Preparing planning and budgeting documents, (6) Island Extension Planning Committee meetings, (7) Preparing in-service training and media requests, (8) Preparing annual district extension plan and budget, (9) Agricultural Technical Committee meetings, (10) Adjusting island extension plans, (11) Preparing consolidated plans and budgets, (12) Conducting in-service training, (13) Implementing and monitoring, (14) Evaluating last year's program, and (15) Developing budget for next year and reporting."
general,Why is monitoring important in agricultural extension?,Monitoring is important because it provides necessary feedback so that planners can assess which activities are particularly successful and identify areas of weakness. Monitoring data collected during implementation is an essential component of the planning process.
general,How should agricultural extension budgets be estimated?,"Advance budgets are prepared following these steps: take the total figure from the current extension plan, assess how costs can be reduced (e.g., by planning more low-cost events or using mass media), reduce the total to actuals, decide on any additional activities for next year, draft costs for those activities and add them, then submit recommendations with justification to the approving bodies."
general,What is communication in the context of agricultural extension?,"Communication is the sharing of ideas and information, and it forms a large part of the extension agent's job. By passing on ideas, advice, and information, the agent hopes to influence farmers' decisions. Any act of communication includes four elements: Source (where the information comes from), Message (the information being communicated), Channel (the way the message is transmitted), and Receiver (the person the message is intended for)."
general,Why is listening important for agricultural extension workers?,A good communicator listens more than he speaks. An extension agent who does not listen to farmers and engage in a dialogue with them is unlikely to be very effective.
general,What is the importance of feedback in agricultural communication?,"Extension communication is never complete without adequate and correct feedback. Feedback means carrying significant responses of the audience back to the communicator. It is source oriented, varies in different communication situations, affects the communicator, exerts control over future messages, affects the degree of desirable changes in receivers' behavior, and maintains the stability of a communication system."
general,What is mass media in agricultural extension?,"Mass media are channels of communication that can expose large numbers of people to the same information at the same time. They include media that convey information by sound (radio, audio cassettes), moving pictures (television, film, video), and print (posters, newspapers, leaflets)."
general,Why is mass media important for agricultural extension?,The attraction of mass media to extension services is the high speed and low cost with which information can be communicated to people over a wide area.
general,What are some tools of mass media used for agricultural extension?,"Mass media tools used for extension include: radio, radio talks, interviews on radio, film, television and video, and printed media such as posters, brochures, leaflets, circular letters, newspapers, chalkboards, flip charts, flannel graphs, and projected aids."
general,What are the main methods of agricultural extension?,"Extension methods are classified into three categories: (1) Individual methods, such as farm visits, office calls, and letters; (2) Group methods, such as group meetings, demonstrations, field days, farm walks, farmers' rallies, folk media, motivational tours, participatory technology development, formal training days, and farmer field schools; and (3) Mass extension methods, such as village meetings, field days, and extension campaigns."
general,What are farm visits and why are they important in agricultural extension?,"Farm visits are the most common form of personal contact between the extension agent and the farmer, often constituting over 50 percent of the agent's extension activities. Farm visits familiarize the extension agent with the farmer and family, and enable the agent to give specific advice or information directly to the farmer."
general,What is a result demonstration in agricultural extension?,"A result demonstration shows what happens as a result of using a particular technology in the field or homestead, such as growing cucumber using balanced fertilizer. They can be conducted over a single season, two seasons, or a whole year, and can be done with individual farmers or groups. Types include cropping pattern demonstrations, block demonstrations, single season demonstrations, single intervention demonstrations, package demonstrations, and single farmer demonstrations."
general,What is a field day in agricultural extension?,"A field day is a group extension event conducted at the site of a result demonstration. It provides the opportunity for 10 or more farmers to visit a demonstration site, learn about what is being demonstrated, ask questions, and be encouraged to try new ideas on their own farms. Field days are arranged at key times such as planting, fertilizer application, mid-season, and harvest. They generally last no more than an hour and involve no cost."
general,What is a method demonstration in agricultural extension?,"A method demonstration is a group extension event conducted over one to two hours to demonstrate and practice a specific skill step by step. It is low cost, relatively efficient as it involves one extension worker and several farmers, and is participatory, enabling farmers to learn by doing."
general,What is participatory technology development (PTD) in agriculture?,"Participatory Technology Development (PTD) is a process of developing technology led by farmers. Its purpose is to test farmers' technology ideas, test technologies from other areas under local conditions, modify existing technologies, and develop farmers' capacity to solve their own problems. Unlike demonstrations, PTD does not involve showing a proven technology, is conducted in a fully participatory manner, and outcomes cannot be predicted or guaranteed."
general,What are farmer field schools (FFS) in agricultural extension?,"Farmer Field Schools (FFS) are season-long group-based training and learning programs conducted in a designated field. Farmers carry out experimental learning activities to understand the ecology of their farms through experiments, regular field observations, and group analysis. FFS is field-oriented and participatory, places emphasis on learning by doing, and follows the farming systems adopted by participants over an extended period such as a cropping season."
general,What is mass extension and when is it suitable?,"Mass extension methods are most suitable for fast and widespread transfer of easily understandable information and proven messages. They are not suitable for complex extension packages requiring intensive discussion and feedback. Advantages include reaching a larger public cost-efficiently, reinforcing points already introduced in group and individual extension, and conveying emergency messages about disease outbreaks quickly. The most common mass extension methods are village meetings, field days, and extension campaigns."
general,What are extension campaigns and when are they used?,"Extension campaigns are used to spread a central message as quickly as possible to as many farmers as possible via mass meetings and all available media. They are particularly suitable for implementing policy objectives, making farmers aware of government-supported programs with subsidized inputs, and giving clear and simple messages. Campaigns require thorough planning, organization, implementation, and monitoring."
general,What are motivational tours in agricultural extension?,"A motivational tour involves taking a group of up to 5-10 farmers from their village to another area. Tours usually last one day and expose farmers to developments and new technologies being used by farmers elsewhere, or being developed at research stations or by NGOs. They present a good opportunity for farmers from different areas to exchange ideas with one another."
general,What are the criteria for selecting pilot farmers in agricultural extension?,"Pilot farmers should meet social-economic criteria: they must be accepted and respected by the farmer group, have sufficient status to counter sanctions when testing unconventional innovations, not be motivated simply by personal advantage, and behave in solidarity with their client group. Agriculture criteria include having similar resource endowment and agricultural practices as other farmers. Know-how criteria include willingness to accept extension ideas, ability to carry out trials, capability to advise other farmers with correct information, and willingness to undergo further training."
general,How should a farm and home visit be conducted by an extension agent?,"Planning involves deciding on the audience and objectives, gathering adequate information, collecting relevant publications, making a visit schedule, and sending advance information if possible. During the visit, the agent should create interest, allow the farmer to talk first, present the message clearly, answer questions, and try to get some assurance for action. Follow-up includes keeping visit records, sending committed information, and making subsequent visits as necessary."
general,What are the guidelines for successful group meetings in agricultural extension?,"Preparation includes fixing timing and content in advance, ensuring proposals are prepared in writing for decisions, preparing the meeting place, and reviewing protocols from previous meetings. Facilitation requires the moderator to guide the meeting in a target-oriented way, ensure everyone has a chance to speak, document decisions, and clarify responsibilities for implementation. Follow-up involves writing protocols immediately after meetings and distributing them to all participants."
general,What is resource mapping in agricultural extension?,"A resource map is a map showing a village with its natural resources, covering natural resources (land, fields, forests, rivers), infrastructure (streets, wells, water tanks), and social facilities (houses, schools, health centers). It is constructed with local materials by the villagers themselves. The purpose is to gain an overview of available resources, learn about access and control over resources, find out different perceptions of problems, and discuss potentials and needs."
general,What is the purpose of cross-visits in agricultural extension?,"Cross-visits involve a group traveling to another location to observe agricultural practices, projects, or demonstrations not available locally. The purpose is to provide first-hand observation of practices that might benefit the farmer, enable interaction with knowledgeable individuals, and present a fresh learning environment. Groups should be limited to 5-7 key persons, trips should have a specific limited objective, and host farmers should do most of the talking."
